{"coco/bbox_mAP": 0.81, "coco/bbox_mAP_50": 0.968, "coco/bbox_mAP_75": 0.968, "coco/bbox_mAP_s": -1.0, "coco/bbox_mAP_m": -1.0, "coco/bbox_mAP_l": 0.81, "data_time": 0.518439076163552, "time": 0.9425920356403698}