{"coco/AP": 0.717353992949071, "coco/AP .5": 1.0, "coco/AP .75": 0.9104702107841446, "coco/AP (M)": -1.0, "coco/AP (L)": 0.717353992949071, "coco/AR": 0.7690476190476191, "coco/AR .5": 1.0, "coco/AR .75": 0.9285714285714286, "coco/AR (M)": -1.0, "coco/AR (L)": 0.7690476190476191, "PCK": 0.9739229024943308, "AUC": 0.11536281179138323, "NME": 0.04211973765539744, "data_time": 1.144555926322937, "time": 1.9466995398203533}